{"cameraMode":{"drawMode":0,"name":"Shaded","section":"Shading Mode"},"sceneLighting":true,"audioPlay":false,"sceneViewState":{"showFog":true,"showMaterialUpdate":true,"showSkybox":true,"showFlares":true,"showImageEffects":true,"showParticleSystems":true},"in2DMode":false,"pivot":{"x":13.983454704284668,"y":0.7052215933799744,"z":-1.9434900283813477},"rotation":{"x":0.007661370560526848,"y":0.6979303359985352,"z":-0.007627377286553383,"w":0.716177225112915},"size":8.7098388671875,"orthographic":false}